

INSERT INTO personas (nombre, apellido1, apellido2, edad, nacionalidad) VALUES ('Juan', 'Gómez', 'López', 25, 'Española');
INSERT INTO personas (nombre, apellido1, apellido2, edad, nacionalidad) VALUES ('María', 'Rodríguez', 'Sánchez', 30, 'Española');
INSERT INTO personas (nombre, apellido1, apellido2, edad, nacionalidad) VALUES ('Carlos', 'Fernández', 'García', 40, 'Española');
INSERT INTO personas (nombre, apellido1, apellido2, edad, nacionalidad) VALUES ('Ana', 'Pérez', 'Martínez', 28, 'Española');
INSERT INTO personas (nombre, apellido1, apellido2, edad, nacionalidad) VALUES ('Pedro', 'López', 'González', 35, 'Española');
INSERT INTO personas (nombre, apellido1, apellido2, edad, nacionalidad) VALUES ('Laura', 'García', 'Hernández', 32, 'Española');
INSERT INTO personas (nombre, apellido1, apellido2, edad, nacionalidad) VALUES ('Luis', 'Martínez', 'Fernández', 45, 'Española');
INSERT INTO personas (nombre, apellido1, apellido2, edad, nacionalidad) VALUES ('Sofía', 'Sánchez', 'Rodríguez', 27, 'Española');
INSERT INTO personas (nombre, apellido1, apellido2, edad, nacionalidad) VALUES ('Javier', 'González', 'López', 38, 'Española');
INSERT INTO personas (nombre, apellido1, apellido2, edad, nacionalidad) VALUES ('Carmen', 'Hernández', 'García', 33, 'Española');
INSERT INTO personas (nombre, apellido1, apellido2, edad, nacionalidad) VALUES ('Manuel', 'Fernández', 'Martínez', 42, 'Española');
INSERT INTO personas (nombre, apellido1, apellido2, edad, nacionalidad) VALUES ('Isabel', 'Martínez', 'Pérez', 29, 'Española');
INSERT INTO personas (nombre, apellido1, apellido2, edad, nacionalidad) VALUES ('Antonio', 'López', 'González', 37, 'Española');
INSERT INTO personas (nombre, apellido1, apellido2, edad, nacionalidad) VALUES ('Patricia', 'García', 'Hernández', 31, 'Española');
INSERT INTO personas (nombre, apellido1, apellido2, edad, nacionalidad) VALUES ('Francisco', 'Sánchez', 'Fernández', 48, 'Española');
INSERT INTO personas (nombre, apellido1, apellido2, edad, nacionalidad) VALUES ('Elena', 'Rodríguez', 'Martínez', 26, 'Española');
INSERT INTO personas (nombre, apellido1, apellido2, edad, nacionalidad) VALUES ('Pablo', 'Fernández', 'González', 36, 'Española');
INSERT INTO personas (nombre, apellido1, apellido2, edad, nacionalidad) VALUES ('Lorena', 'Hernández', 'García', 34, 'Española');
INSERT INTO personas (nombre, apellido1, apellido2, edad, nacionalidad) VALUES ('Miguel', 'Martínez', 'Fernández', 43, 'Española');
INSERT INTO personas (nombre, apellido1, apellido2, edad, nacionalidad) VALUES ('Marina', 'Pérez', 'Martínez', 31, 'Española');
INSERT INTO personas (nombre, apellido1, apellido2, edad, nacionalidad) VALUES ('Raúl', 'López', 'González', 39, 'Española');
INSERT INTO personas (nombre, apellido1, apellido2, edad, nacionalidad) VALUES ('Cristina', 'García', 'Hernández', 29, 'Española');
INSERT INTO personas (nombre, apellido1, apellido2, edad, nacionalidad) VALUES ('Andrés', 'Fernández', 'Martínez', 44, 'Española');
INSERT INTO personas (nombre, apellido1, apellido2, edad, nacionalidad) VALUES ('Sara', 'Sánchez', 'Rodríguez', 28, 'Española');
INSERT INTO personas (nombre, apellido1, apellido2, edad, nacionalidad) VALUES ('Jorge', 'González', 'López', 37, 'Española');
INSERT INTO personas (nombre, apellido1, apellido2, edad, nacionalidad) VALUES ('Natalia', 'Hernández', 'García', 35, 'Española');
INSERT INTO personas (nombre, apellido1, apellido2, edad, nacionalidad) VALUES ('Roberto', 'Martínez', 'Fernández', 46, 'Española');
INSERT INTO personas (nombre, apellido1, apellido2, edad, nacionalidad) VALUES ('Lucía', 'Pérez', 'Martínez', 32, 'Española');
INSERT INTO personas (nombre, apellido1, apellido2, edad, nacionalidad) VALUES ('David', 'López', 'González', 40, 'Española');
INSERT INTO personas (nombre, apellido1, apellido2, edad, nacionalidad) VALUES ('Eva', 'García', 'Hernández', 30, 'Española');
INSERT INTO personas (nombre, apellido1, apellido2, edad, nacionalidad) VALUES ('Hugo', 'Sánchez', 'Fernández', 47, 'Española');
INSERT INTO personas (nombre, apellido1, apellido2, edad, nacionalidad) VALUES ('Beatriz', 'Rodríguez', 'Martínez', 27, 'Española');
INSERT INTO personas (nombre, apellido1, apellido2, edad, nacionalidad) VALUES ('Adrián', 'Fernández', 'González', 38, 'Española');
INSERT INTO personas (nombre, apellido1, apellido2, edad, nacionalidad) VALUES ('Martha', 'Hernández', 'García', 36, 'Española');
INSERT INTO personas (nombre, apellido1, apellido2, edad, nacionalidad) VALUES ('Daniel', 'Martínez', 'Fernández', 45, 'Española');
INSERT INTO personas (nombre, apellido1, apellido2, edad, nacionalidad) VALUES ('Valeria', 'Pérez', 'Martínez', 33, 'Española');
INSERT INTO personas (nombre, apellido1, apellido2, edad, nacionalidad) VALUES ('Óscar', 'López', 'González', 41, 'Española');
INSERT INTO personas (nombre, apellido1, apellido2, edad, nacionalidad) VALUES ('Julia', 'García', 'Hernández', 31, 'Española');
INSERT INTO personas (nombre, apellido1, apellido2, edad, nacionalidad) VALUES ('Gonzalo', 'Sánchez', 'Fernández', 49, 'Española');
INSERT INTO personas (nombre, apellido1, apellido2, edad, nacionalidad) VALUES ('Irene', 'Rodríguez', 'Martínez', 28, 'Española');
INSERT INTO personas (nombre, apellido1, apellido2, edad, nacionalidad) VALUES ('Alberto', 'Fernández', 'González', 39, 'Española');
INSERT INTO personas (nombre, apellido1, apellido2, edad, nacionalidad) VALUES ('Mónica', 'Hernández', 'García', 37, 'Española');
INSERT INTO personas (nombre, apellido1, apellido2, edad, nacionalidad) VALUES ('Roberto', 'Martínez', 'Fernández', 46, 'Española');
INSERT INTO personas (nombre, apellido1, apellido2, edad, nacionalidad) VALUES ('Celia', 'Pérez', 'Martínez', 34, 'Española');
INSERT INTO personas (nombre, apellido1, apellido2, edad, nacionalidad) VALUES ('Diego', 'López', 'González', 42, 'Española');
INSERT INTO personas (nombre, apellido1, apellido2, edad, nacionalidad) VALUES ('Laura', 'García', 'Hernández', 32, 'Española');
INSERT INTO personas (nombre, apellido1, apellido2, edad, nacionalidad) VALUES ('Javier', 'Sánchez', 'Fernández', 50, 'Española');
INSERT INTO personas (nombre, apellido1, apellido2, edad, nacionalidad) VALUES ('María', 'Rodríguez', 'Martínez', 29, 'Española');

/* INSERTS ENTRENADORES*/
INSERT INTO entrenadores (nombre, cod_persona) VALUES ('Juan',1);
INSERT INTO entrenadores (nombre, cod_persona) VALUES ('María',2);
INSERT INTO entrenadores (nombre, cod_persona) VALUES ('Carlos',3);
INSERT INTO entrenadores (nombre, cod_persona) VALUES ('Ana',4);
INSERT INTO entrenadores (nombre, cod_persona) VALUES ('Pedro',5);
INSERT INTO entrenadores (nombre, cod_persona) VALUES ('Laura',6);
INSERT INTO entrenadores (nombre, cod_persona) VALUES ('Luis',7);
INSERT INTO entrenadores (nombre, cod_persona) VALUES ('Sofía',8);


/*INSERTS JUGADORES*/
INSERT INTO jugadores (nick, rol, cod_persona) VALUES ('Jxvier', 'Iniciador', 9);
INSERT INTO jugadores (nick, rol, cod_persona) VALUES ('ShadowBlade', 'Controlador', 10);
INSERT INTO jugadores (nick, rol, cod_persona) VALUES ('SteelFury', 'Duelista', 11);
INSERT INTO jugadores (nick, rol, cod_persona) VALUES ('Sentinel', 'Centinela', 12);
INSERT INTO jugadores (nick, rol, cod_persona) VALUES ('MysticEcho', 'Iniciador', 13);
INSERT INTO jugadores (nick, rol, cod_persona) VALUES ('PhantomShade', 'Controlador', 14);
INSERT INTO jugadores (nick, rol, cod_persona) VALUES ('BladeStorm', 'Duelista', 15);
INSERT INTO jugadores (nick, rol, cod_persona) VALUES ('GuardianAngel', 'Centinela', 16);
INSERT INTO jugadores (nick, rol, cod_persona) VALUES ('Serenity', 'Iniciador', 17);
INSERT INTO jugadores (nick, rol, cod_persona) VALUES ('MindBender', 'Controlador', 18);
INSERT INTO jugadores (nick, rol, cod_persona) VALUES ('RapidSlash', 'Duelista', 19);
INSERT INTO jugadores (nick, rol, cod_persona) VALUES ('Vigilant', 'Centinela', 20);
INSERT INTO jugadores (nick, rol, cod_persona) VALUES ('LoneWolf', 'Iniciador', 21);
INSERT INTO jugadores (nick, rol, cod_persona) VALUES ('SoulTaker', 'Controlador', 22);
INSERT INTO jugadores (nick, rol, cod_persona) VALUES ('Blaze', 'Duelista', 23);
INSERT INTO jugadores (nick, rol, cod_persona) VALUES ('Warden', 'Centinela', 24);
INSERT INTO jugadores (nick, rol, cod_persona) VALUES ('Nova', 'Iniciador', 25);
INSERT INTO jugadores (nick, rol, cod_persona) VALUES ('MindControl', 'Controlador', 26);
INSERT INTO jugadores (nick, rol, cod_persona) VALUES ('Phoenix', 'Duelista', 27);
INSERT INTO jugadores (nick, rol, cod_persona) VALUES ('WatchfulEye', 'Centinela', 28);
INSERT INTO jugadores (nick, rol, cod_persona) VALUES ('Vortex', 'Iniciador', 29);
INSERT INTO jugadores (nick, rol, cod_persona) VALUES ('ShadowStep', 'Controlador', 30);
INSERT INTO jugadores (nick, rol, cod_persona) VALUES ('BladeMaster', 'Duelista', 31);
INSERT INTO jugadores (nick, rol, cod_persona) VALUES ('Protector', 'Centinela', 32);
INSERT INTO jugadores (nick, rol, cod_persona) VALUES ('Echo', 'Iniciador', 33);
INSERT INTO jugadores (nick, rol, cod_persona) VALUES ('Illusionist', 'Controlador', 34);
INSERT INTO jugadores (nick, rol, cod_persona) VALUES ('Savage', 'Duelista', 35);
INSERT INTO jugadores (nick, rol, cod_persona) VALUES ('Sentry', 'Centinela', 36);
INSERT INTO jugadores (nick, rol, cod_persona) VALUES ('Mystique', 'Iniciador', 37);
INSERT INTO jugadores (nick, rol, cod_persona) VALUES ('Arcane', 'Controlador', 38);
INSERT INTO jugadores (nick, rol, cod_persona) VALUES ('SwordDancer', 'Duelista', 39);
INSERT INTO jugadores (nick, rol, cod_persona) VALUES ('Defender', 'Centinela', 40);
INSERT INTO jugadores (nick, rol, cod_persona) VALUES ('SolarFlare', 'Iniciador', 41);
INSERT INTO jugadores (nick, rol, cod_persona) VALUES ('MindReader', 'Controlador', 42);
INSERT INTO jugadores (nick, rol, cod_persona) VALUES ('Rage', 'Duelista', 43);
INSERT INTO jugadores (nick, rol, cod_persona) VALUES ('Watcher', 'Centinela', 44);
INSERT INTO jugadores (nick, rol, cod_persona) VALUES ('Nightshade', 'Iniciador', 45);
INSERT INTO jugadores (nick, rol, cod_persona) VALUES ('Elementalist', 'Controlador', 46);
INSERT INTO jugadores (nick, rol, cod_persona) VALUES ('BladeFury', 'Duelista', 47);
INSERT INTO jugadores (nick, rol, cod_persona) VALUES ('Vigilante', 'Centinela', 48);


/*INSERTS EQUIPOS*/


INSERT INTO equipos (nombre_equipo, cod_jugador1, cod_jugador2, cod_jugador3, cod_jugador4, cod_jugador5, cod_jugador6, cod_entrenador)
VALUES ('Equipo 1', 100, 101, 102, 103, 104, 105, 200);

INSERT INTO equipos (nombre_equipo, cod_jugador1, cod_jugador2, cod_jugador3, cod_jugador4, cod_jugador5, cod_jugador6, cod_entrenador)
VALUES ('Equipo 2', 106, 107, 108, 109, 110, 111, 201);

INSERT INTO equipos (nombre_equipo, cod_jugador1, cod_jugador2, cod_jugador3, cod_jugador4, cod_jugador5, cod_jugador6, cod_entrenador)
VALUES ('Equipo 3', 112, 113, 114, 115, 116, 117, 202);

INSERT INTO equipos (nombre_equipo, cod_jugador1, cod_jugador2, cod_jugador3, cod_jugador4, cod_jugador5, cod_jugador6, cod_entrenador)
VALUES ('Equipo 4', 118, 119, 120, 121, 122, 123, 203);

INSERT INTO equipos (nombre_equipo, cod_jugador1, cod_jugador2, cod_jugador3, cod_jugador4, cod_jugador5, cod_jugador6, cod_entrenador)
VALUES ('Equipo 5', 124, 125, 126, 127, 128, 129, 204);

INSERT INTO equipos (nombre_equipo, cod_jugador1, cod_jugador2, cod_jugador3, cod_jugador4, cod_jugador5, cod_jugador6, cod_entrenador)
VALUES ('Equipo 6', 130, 131, 132, 133, 134, 135, 205);

INSERT INTO equipos (nombre_equipo, cod_jugador1, cod_jugador2, cod_jugador3, cod_jugador4, cod_jugador5, cod_jugador6, cod_entrenador)
VALUES ('Equipo 7', 136, 137, 138, 139, NULL, NULL, 206);

INSERT INTO equipos (nombre_equipo, cod_jugador1, cod_jugador2, cod_jugador3, cod_jugador4, cod_jugador5, cod_jugador6, cod_entrenador)VALUES ('Equipo 8', NULL, NULL, NULL, NULL, NULL, NULL, 207);

/*INSERTS MAPAS*/
INSERT INTO mapas (nombre) VALUES ('Split');

INSERT INTO mapas (nombre) VALUES ('Ascent');

INSERT INTO mapas (nombre) VALUES ('Fracture');

INSERT INTO mapas (nombre) VALUES ('Haven');

INSERT INTO mapas (nombre) VALUES ('Icebox');

INSERT INTO mapas (nombre) VALUES ('Pearl');

INSERT INTO mapas (nombre) VALUES ('Lotus');




/*INSERTS BO3*/
INSERT INTO BO3 (cod_equipo_1, cod_equipo_2) 
VALUES (1, 2);

INSERT INTO BO3 (cod_equipo_1, cod_equipo_2) 
VALUES (3, 4);

INSERT INTO BO3 (cod_equipo_1, cod_equipo_2) 
VALUES (2, 3);



/*INSERTS PARTIDAS*/
INSERT INTO partidas (cod_bo3, cod_equipo_1, cod_equipo_2,num_partida, rondas_equipo1, rondas_equipo2,cod_mapa) 
VALUES (1, 1,2,1, 13, 7, 1);

INSERT INTO partidas (cod_bo3, cod_equipo_1, cod_equipo_2,num_partida, rondas_equipo1, rondas_equipo2,cod_mapa) 
VALUES (1, 1,2,2, 10, 13, 2);

INSERT INTO partidas (cod_bo3, cod_equipo_1, cod_equipo_2,num_partida, rondas_equipo1, rondas_equipo2,cod_mapa) 
VALUES (1, 1,2,3, 15, 13, 3);


INSERT INTO partidas (cod_bo3, cod_equipo_1, cod_equipo_2,num_partida, rondas_equipo1, rondas_equipo2,cod_mapa) 
VALUES (2, 3,4,1, 9, 13, 1);

INSERT INTO partidas (cod_bo3, cod_equipo_1, cod_equipo_2,num_partida, rondas_equipo1, rondas_equipo2,cod_mapa) 
VALUES (2, 3,4,2, 13, 11, 4);

INSERT INTO partidas (cod_bo3, cod_equipo_1, cod_equipo_2,num_partida, rondas_equipo1, rondas_equipo2,cod_mapa) 
VALUES (2, 3,4,3, 14, 12, 5);


INSERT INTO partidas (cod_bo3, cod_equipo_1, cod_equipo_2,num_partida, rondas_equipo1, rondas_equipo2,cod_mapa) 
VALUES (3, 2,3,1, 8, 13, 1);

INSERT INTO partidas (cod_bo3, cod_equipo_1, cod_equipo_2,num_partida, rondas_equipo1, rondas_equipo2,cod_mapa) 
VALUES (3, 2,3,2, 12, 14, 6);

INSERT INTO partidas (cod_bo3, cod_equipo_1, cod_equipo_2,num_partida, rondas_equipo1, rondas_equipo2,cod_mapa) 
VALUES (3, 2,3,3, 15, 13, 7);


