{ 
    "Usuarios" : {
        "admin"    : "admin"
        ,"alberto"  : "csas1234" 
    },
    "Viajes": {
        "Lanzarote-Gran Canaria": {
            "origen": "Lanzarote",
            "destino": "Gran Canaria",
            "avion": "Airbus 320",
            "billetes_comprados": {
                "1": {
                    "viaje": "Lanzarote-Gran Canaria",
                    "nombre": "Juan Rafael",
                    "apellidos": "Curbelo Arrocha"
                },
                "2": {
                    "viaje": "Lanzarote-Gran Canaria",
                    "nombre": "Andr\u00e9s",
                    "apellidos": "Calamaro"
                }
            }
        },
        "Fuerteventura-Gran Canaria": {
            "origen": "Fuerteventura",
            "destino": "Gran Canaria",
            "avion": "Airbus 320",
            "billetes_comprados": {
                "1": {
                    "viaje": "Fuerteventura-Gran Canaria",
                    "nombre": "Juan Rafael",
                    "apellidos": "Curbelo Arrocha"
                },
                "2": {
                    "viaje": "Fuerteventura-Gran Canaria",
                    "nombre": "Andr\u00e9s",
                    "apellidos": "Calamaro"
                }
            }
        },
        "Tenerife-La Palma": {
            "origen": "Tenerife",
            "destino": "La Palma",
            "avion": "Boeing 747",
            "billetes_comprados": {}
        },
        "Fuerteventura-Tenerife": {
            "origen": "Fuerteventura",
            "destino": "Tenerife",
            "avion": "Airbus 319",
            "billetes_comprados": {}
        },
        "Lanzarote-La Gomera": {
            "origen": "Lanzarote",
            "destino": "La Gomera",
            "avion": "Airbus 320",
            "billetes_comprados": {}
        }
    }
}